1	PENELOPE	GUINESS	2019-09-20 13:27:12
2	NICK	WAHLBERG	2019-09-20 13:27:12
3	ED	CHASE	2019-09-20 13:27:12
4	JENNIFER	DAVIS	2019-09-20 13:27:12
5	JOHNNY	LOLLOBRIGIDA	2019-09-20 13:27:12
6	BETTE	NICHOLSON	2019-09-20 13:27:12
7	GRACE	MOSTEL	2019-09-20 13:27:12
8	MATTHEW	JOHANSSON	2019-09-20 13:27:12
9	JOE	SWANK	2019-09-20 13:27:12
10	CHRISTIAN	GABLE	2019-09-20 13:27:12
11	ZERO	CAGE	2019-09-20 13:27:12
12	KARL	BERRY	2019-09-20 13:27:12
13	UMA	WOOD	2019-09-20 13:27:12
14	VIVIEN	BERGEN	2019-09-20 13:27:12
15	CUBA	OLIVIER	2019-09-20 13:27:12
16	FRED	COSTNER	2019-09-20 13:27:12
17	HELEN	VOIGHT	2019-09-20 13:27:12
18	DAN	TORN	2019-09-20 13:27:12
19	BOB	FAWCETT	2019-09-20 13:27:12
20	LUCILLE	TRACY	2019-09-20 13:27:12
21	KIRSTEN	PALTROW	2019-09-20 13:27:12
22	ELVIS	MARX	2019-09-20 13:27:12
23	SANDRA	KILMER	2019-09-20 13:27:12
24	CAMERON	STREEP	2019-09-20 13:27:12
25	KEVIN	BLOOM	2019-09-20 13:27:12
26	RIP	CRAWFORD	2019-09-20 13:27:12
27	JULIA	MCQUEEN	2019-09-20 13:27:12
28	WOODY	HOFFMAN	2019-09-20 13:27:12
29	ALEC	WAYNE	2019-09-20 13:27:12
30	SANDRA	PECK	2019-09-20 13:27:12
31	SISSY	SOBIESKI	2019-09-20 13:27:12
32	TIM	HACKMAN	2019-09-20 13:27:12
33	MILLA	PECK	2019-09-20 13:27:12
34	AUDREY	OLIVIER	2019-09-20 13:27:12
35	JUDY	DEAN	2019-09-20 13:27:12
36	BURT	DUKAKIS	2019-09-20 13:27:12
37	VAL	BOLGER	2019-09-20 13:27:12
38	TOM	MCKELLEN	2019-09-20 13:27:12
39	GOLDIE	BRODY	2019-09-20 13:27:12
40	JOHNNY	CAGE	2019-09-20 13:27:12
41	JODIE	DEGENERES	2019-09-20 13:27:12
42	TOM	MIRANDA	2019-09-20 13:27:12
43	KIRK	JOVOVICH	2019-09-20 13:27:12
44	NICK	STALLONE	2019-09-20 13:27:12
45	REESE	KILMER	2019-09-20 13:27:12
46	PARKER	GOLDBERG	2019-09-20 13:27:12
47	JULIA	BARRYMORE	2019-09-20 13:27:12
48	FRANCES	DAY-LEWIS	2019-09-20 13:27:12
49	ANNE	CRONYN	2019-09-20 13:27:12
50	NATALIE	HOPKINS	2019-09-20 13:27:12
51	GARY	PHOENIX	2019-09-20 13:27:12
52	CARMEN	HUNT	2019-09-20 13:27:12
53	MENA	TEMPLE	2019-09-20 13:27:12
54	PENELOPE	PINKETT	2019-09-20 13:27:12
55	FAY	KILMER	2019-09-20 13:27:12
56	DAN	HARRIS	2019-09-20 13:27:12
57	JUDE	CRUISE	2019-09-20 13:27:12
58	CHRISTIAN	AKROYD	2019-09-20 13:27:12
59	DUSTIN	TAUTOU	2019-09-20 13:27:12
60	HENRY	BERRY	2019-09-20 13:27:12
61	CHRISTIAN	NEESON	2019-09-20 13:27:12
62	JAYNE	NEESON	2019-09-20 13:27:12
63	CAMERON	WRAY	2019-09-20 13:27:12
64	RAY	JOHANSSON	2019-09-20 13:27:12
65	ANGELA	HUDSON	2019-09-20 13:27:12
66	MARY	TANDY	2019-09-20 13:27:12
67	JESSICA	BAILEY	2019-09-20 13:27:12
68	RIP	WINSLET	2019-09-20 13:27:12
69	KENNETH	PALTROW	2019-09-20 13:27:12
70	MICHELLE	MCCONAUGHEY	2019-09-20 13:27:12
71	ADAM	GRANT	2019-09-20 13:27:12
72	SEAN	WILLIAMS	2019-09-20 13:27:12
73	GARY	PENN	2019-09-20 13:27:12
74	MILLA	KEITEL	2019-09-20 13:27:12
75	BURT	POSEY	2019-09-20 13:27:12
76	ANGELINA	ASTAIRE	2019-09-20 13:27:12
77	CARY	MCCONAUGHEY	2019-09-20 13:27:12
78	GROUCHO	SINATRA	2019-09-20 13:27:12
79	MAE	HOFFMAN	2019-09-20 13:27:12
80	RALPH	CRUZ	2019-09-20 13:27:12
81	SCARLETT	DAMON	2019-09-20 13:27:12
82	WOODY	JOLIE	2019-09-20 13:27:12
83	BEN	WILLIS	2019-09-20 13:27:12
84	JAMES	PITT	2019-09-20 13:27:12
85	MINNIE	ZELLWEGER	2019-09-20 13:27:12
86	GREG	CHAPLIN	2019-09-20 13:27:12
87	SPENCER	PECK	2019-09-20 13:27:12
88	KENNETH	PESCI	2019-09-20 13:27:12
89	CHARLIZE	DENCH	2019-09-20 13:27:12
90	SEAN	GUINESS	2019-09-20 13:27:12
91	CHRISTOPHER	BERRY	2019-09-20 13:27:12
92	KIRSTEN	AKROYD	2019-09-20 13:27:12
93	ELLEN	PRESLEY	2019-09-20 13:27:12
94	KENNETH	TORN	2019-09-20 13:27:12
95	DARYL	WAHLBERG	2019-09-20 13:27:12
96	GENE	WILLIS	2019-09-20 13:27:12
97	MEG	HAWKE	2019-09-20 13:27:12
98	CHRIS	BRIDGES	2019-09-20 13:27:12
99	JIM	MOSTEL	2019-09-20 13:27:12
100	SPENCER	DEPP	2019-09-20 13:27:12
101	SUSAN	DAVIS	2019-09-20 13:27:12
102	WALTER	TORN	2019-09-20 13:27:12
103	MATTHEW	LEIGH	2019-09-20 13:27:12
104	PENELOPE	CRONYN	2019-09-20 13:27:12
105	SIDNEY	CROWE	2019-09-20 13:27:12
106	GROUCHO	DUNST	2019-09-20 13:27:12
107	GINA	DEGENERES	2019-09-20 13:27:12
108	WARREN	NOLTE	2019-09-20 13:27:12
109	SYLVESTER	DERN	2019-09-20 13:27:12
110	SUSAN	DAVIS	2019-09-20 13:27:12
111	CAMERON	ZELLWEGER	2019-09-20 13:27:12
112	RUSSELL	BACALL	2019-09-20 13:27:12
113	MORGAN	HOPKINS	2019-09-20 13:27:12
114	MORGAN	MCDORMAND	2019-09-20 13:27:12
115	HARRISON	BALE	2019-09-20 13:27:12
116	DAN	STREEP	2019-09-20 13:27:12
117	RENEE	TRACY	2019-09-20 13:27:12
118	CUBA	ALLEN	2019-09-20 13:27:12
119	WARREN	JACKMAN	2019-09-20 13:27:12
120	PENELOPE	MONROE	2019-09-20 13:27:12
121	LIZA	BERGMAN	2019-09-20 13:27:12
122	SALMA	NOLTE	2019-09-20 13:27:12
123	JULIANNE	DENCH	2019-09-20 13:27:12
124	SCARLETT	BENING	2019-09-20 13:27:12
125	ALBERT	NOLTE	2019-09-20 13:27:12
126	FRANCES	TOMEI	2019-09-20 13:27:12
127	KEVIN	GARLAND	2019-09-20 13:27:12
128	CATE	MCQUEEN	2019-09-20 13:27:12
129	DARYL	CRAWFORD	2019-09-20 13:27:12
130	GRETA	KEITEL	2019-09-20 13:27:12
131	JANE	JACKMAN	2019-09-20 13:27:12
132	ADAM	HOPPER	2019-09-20 13:27:12
133	RICHARD	PENN	2019-09-20 13:27:12
134	GENE	HOPKINS	2019-09-20 13:27:12
135	RITA	REYNOLDS	2019-09-20 13:27:12
136	ED	MANSFIELD	2019-09-20 13:27:12
137	MORGAN	WILLIAMS	2019-09-20 13:27:12
138	LUCILLE	DEE	2019-09-20 13:27:12
139	EWAN	GOODING	2019-09-20 13:27:12
140	WHOOPI	HURT	2019-09-20 13:27:12
141	CATE	HARRIS	2019-09-20 13:27:12
142	JADA	RYDER	2019-09-20 13:27:12
143	RIVER	DEAN	2019-09-20 13:27:12
144	ANGELA	WITHERSPOON	2019-09-20 13:27:12
145	KIM	ALLEN	2019-09-20 13:27:12
146	ALBERT	JOHANSSON	2019-09-20 13:27:12
147	FAY	WINSLET	2019-09-20 13:27:13
148	EMILY	DEE	2019-09-20 13:27:13
149	RUSSELL	TEMPLE	2019-09-20 13:27:13
150	JAYNE	NOLTE	2019-09-20 13:27:13
151	GEOFFREY	HESTON	2019-09-20 13:27:13
152	BEN	HARRIS	2019-09-20 13:27:13
153	MINNIE	KILMER	2019-09-20 13:27:13
154	MERYL	GIBSON	2019-09-20 13:27:13
155	IAN	TANDY	2019-09-20 13:27:13
156	FAY	WOOD	2019-09-20 13:27:13
157	GRETA	MALDEN	2019-09-20 13:27:13
158	VIVIEN	BASINGER	2019-09-20 13:27:13
159	LAURA	BRODY	2019-09-20 13:27:13
160	CHRIS	DEPP	2019-09-20 13:27:13
161	HARVEY	HOPE	2019-09-20 13:27:13
162	OPRAH	KILMER	2019-09-20 13:27:13
163	CHRISTOPHER	WEST	2019-09-20 13:27:13
164	HUMPHREY	WILLIS	2019-09-20 13:27:13
165	AL	GARLAND	2019-09-20 13:27:13
166	NICK	DEGENERES	2019-09-20 13:27:13
167	LAURENCE	BULLOCK	2019-09-20 13:27:13
168	WILL	WILSON	2019-09-20 13:27:13
169	KENNETH	HOFFMAN	2019-09-20 13:27:13
170	MENA	HOPPER	2019-09-20 13:27:13
171	OLYMPIA	PFEIFFER	2019-09-20 13:27:13
172	GROUCHO	WILLIAMS	2019-09-20 13:27:13
173	ALAN	DREYFUSS	2019-09-20 13:27:13
174	MICHAEL	BENING	2019-09-20 13:27:13
175	WILLIAM	HACKMAN	2019-09-20 13:27:13
176	JON	CHASE	2019-09-20 13:27:13
177	GENE	MCKELLEN	2019-09-20 13:27:13
178	LISA	MONROE	2019-09-20 13:27:13
179	ED	GUINESS	2019-09-20 13:27:13
180	JEFF	SILVERSTONE	2019-09-20 13:27:13
181	MATTHEW	CARREY	2019-09-20 13:27:13
182	DEBBIE	AKROYD	2019-09-20 13:27:13
183	RUSSELL	CLOSE	2019-09-20 13:27:13
184	HUMPHREY	GARLAND	2019-09-20 13:27:13
185	MICHAEL	BOLGER	2019-09-20 13:27:13
186	JULIA	ZELLWEGER	2019-09-20 13:27:13
187	RENEE	BALL	2019-09-20 13:27:13
188	ROCK	DUKAKIS	2019-09-20 13:27:13
189	CUBA	BIRCH	2019-09-20 13:27:13
190	AUDREY	BAILEY	2019-09-20 13:27:13
191	GREGORY	GOODING	2019-09-20 13:27:13
192	JOHN	SUVARI	2019-09-20 13:27:13
193	BURT	TEMPLE	2019-09-20 13:27:13
194	MERYL	ALLEN	2019-09-20 13:27:13
195	JAYNE	SILVERSTONE	2019-09-20 13:27:13
196	BELA	WALKEN	2019-09-20 13:27:13
197	REESE	WEST	2019-09-20 13:27:13
198	MARY	KEITEL	2019-09-20 13:27:13
199	JULIA	FAWCETT	2019-09-20 13:27:13
200	THORA	TEMPLE	2019-09-20 13:27:13
