1	ACADEMY DINOSAUR	A Epic Drama of a Feminist And a Mad Scientist who must Battle a Teacher in The Canadian Rockies	2006	86	PG
2	ACE GOLDFINGER	A Astounding Epistle of a Database Administrator And a Explorer who must Find a Car in Ancient China	2006	48	G
3	ADAPTATION HOLES	A Astounding Reflection of a Lumberjack And a Car who must Sink a Lumberjack in A Baloon Factory	2006	50	NC-17
4	AFFAIR PREJUDICE	A Fanciful Documentary of a Frisbee And a Lumberjack who must Chase a Monkey in A Shark Tank	2006	117	G
5	AFRICAN EGG	A Fast-Paced Documentary of a Pastry Chef And a Dentist who must Pursue a Forensic Psychologist in The Gulf of Mexico	2006	130	G
6	AGENT TRUMAN	A Intrepid Panorama of a Robot And a Boy who must Escape a Sumo Wrestler in Ancient China	2006	169	PG
7	AIRPLANE SIERRA	A Touching Saga of a Hunter And a Butler who must Discover a Butler in A Jet Boat	2006	62	PG-13
8	AIRPORT POLLOCK	A Epic Tale of a Moose And a Girl who must Confront a Monkey in Ancient India	2006	54	R
9	ALABAMA DEVIL	A Thoughtful Panorama of a Database Administrator And a Mad Scientist who must Outgun a Mad Scientist in A Jet Boat	2006	114	PG-13
10	ALADDIN CALENDAR	A Action-Packed Tale of a Man And a Lumberjack who must Reach a Feminist in Ancient China	2006	63	NC-17
11	ALAMO VIDEOTAPE	A Boring Epistle of a Butler And a Cat who must Fight a Pastry Chef in A MySQL Convention	2006	126	G
12	ALASKA PHANTOM	A Fanciful Saga of a Hunter And a Pastry Chef who must Vanquish a Boy in Australia	2006	136	PG
13	ALI FOREVER	A Action-Packed Drama of a Dentist And a Crocodile who must Battle a Feminist in The Canadian Rockies	2006	150	PG
14	ALICE FANTASIA	A Emotional Drama of a A Shark And a Database Administrator who must Vanquish a Pioneer in Soviet Georgia	2006	94	NC-17
15	ALIEN CENTER	A Brilliant Drama of a Cat And a Mad Scientist who must Battle a Feminist in A MySQL Convention	2006	46	NC-17
16	ALLEY EVOLUTION	A Fast-Paced Drama of a Robot And a Composer who must Battle a Astronaut in New Orleans	2006	180	NC-17
17	ALONE TRIP	A Fast-Paced Character Study of a Composer And a Dog who must Outgun a Boat in An Abandoned Fun House	2006	82	R
18	ALTER VICTORY	A Thoughtful Drama of a Composer And a Feminist who must Meet a Secret Agent in The Canadian Rockies	2006	57	PG-13
19	AMADEUS HOLY	A Emotional Display of a Pioneer And a Technical Writer who must Battle a Man in A Baloon	2006	113	PG
20	AMELIE HELLFIGHTERS	A Boring Drama of a Woman And a Squirrel who must Conquer a Student in A Baloon	2006	79	R
21	AMERICAN CIRCUS	A Insightful Drama of a Girl And a Astronaut who must Face a Database Administrator in A Shark Tank	2006	129	R
22	AMISTAD MIDSUMMER	A Emotional Character Study of a Dentist And a Crocodile who must Meet a Sumo Wrestler in California	2006	85	G
23	ANACONDA CONFESSIONS	A Lacklusture Display of a Dentist And a Dentist who must Fight a Girl in Australia	2006	92	R
24	ANALYZE HOOSIERS	A Thoughtful Display of a Explorer And a Pastry Chef who must Overcome a Feminist in The Sahara Desert	2006	181	R
25	ANGELS LIFE	A Thoughtful Display of a Woman And a Astronaut who must Battle a Robot in Berlin	2006	74	G
26	ANNIE IDENTITY	A Amazing Panorama of a Pastry Chef And a Boat who must Escape a Woman in An Abandoned Amusement Park	2006	86	G
27	ANONYMOUS HUMAN	A Amazing Reflection of a Database Administrator And a Astronaut who must Outrace a Database Administrator in A Shark Tank	2006	179	NC-17
28	ANTHEM LUKE	A Touching Panorama of a Waitress And a Woman who must Outrace a Dog in An Abandoned Amusement Park	2006	91	PG-13
29	ANTITRUST TOMATOES	A Fateful Yarn of a Womanizer And a Feminist who must Succumb a Database Administrator in Ancient India	2006	168	NC-17
30	ANYTHING SAVANNAH	A Epic Story of a Pastry Chef And a Woman who must Chase a Feminist in An Abandoned Fun House	2006	82	R
31	APACHE DIVINE	A Awe-Inspiring Reflection of a Pastry Chef And a Teacher who must Overcome a Sumo Wrestler in A U-Boat	2006	92	NC-17
32	APOCALYPSE FLAMINGOS	A Astounding Story of a Dog And a Squirrel who must Defeat a Woman in An Abandoned Amusement Park	2006	119	R
33	APOLLO TEEN	A Action-Packed Reflection of a Crocodile And a Explorer who must Find a Sumo Wrestler in An Abandoned Mine Shaft	2006	153	PG-13
34	ARABIA DOGMA	A Touching Epistle of a Madman And a Mad Cow who must Defeat a Student in Nigeria	2006	62	NC-17
35	ARACHNOPHOBIA ROLLERCOASTER	A Action-Packed Reflection of a Pastry Chef And a Composer who must Discover a Mad Scientist in The First Manned Space Station	2006	147	PG-13
36	ARGONAUTS TOWN	A Emotional Epistle of a Forensic Psychologist And a Butler who must Challenge a Waitress in An Abandoned Mine Shaft	2006	127	PG-13
37	ARIZONA BANG	A Brilliant Panorama of a Mad Scientist And a Mad Cow who must Meet a Pioneer in A Monastery	2006	121	PG
38	ARK RIDGEMONT	A Beautiful Yarn of a Pioneer And a Monkey who must Pursue a Explorer in The Sahara Desert	2006	68	NC-17
39	ARMAGEDDON LOST	A Fast-Paced Tale of a Boat And a Teacher who must Succumb a Composer in An Abandoned Mine Shaft	2006	99	G
40	ARMY FLINTSTONES	A Boring Saga of a Database Administrator And a Womanizer who must Battle a Waitress in Nigeria	2006	148	R
41	ARSENIC INDEPENDENCE	A Fanciful Documentary of a Mad Cow And a Womanizer who must Find a Dentist in Berlin	2006	137	PG
42	ARTIST COLDBLOODED	A Stunning Reflection of a Robot And a Moose who must Challenge a Woman in California	2006	170	NC-17
43	ATLANTIS CAUSE	A Thrilling Yarn of a Feminist And a Hunter who must Fight a Technical Writer in A Shark Tank	2006	170	G
44	ATTACKS HATE	A Fast-Paced Panorama of a Technical Writer And a Mad Scientist who must Find a Feminist in An Abandoned Mine Shaft	2006	113	PG-13
45	ATTRACTION NEWTON	A Astounding Panorama of a Composer And a Frisbee who must Reach a Husband in Ancient Japan	2006	83	PG-13
46	AUTUMN CROW	A Beautiful Tale of a Dentist And a Mad Cow who must Battle a Moose in The Sahara Desert	2006	108	G
47	BABY HALL	A Boring Character Study of a A Shark And a Girl who must Outrace a Feminist in An Abandoned Mine Shaft	2006	153	NC-17
48	BACKLASH UNDEFEATED	A Stunning Character Study of a Mad Scientist And a Mad Cow who must Kill a Car in A Monastery	2006	118	PG-13
49	BADMAN DAWN	A Emotional Panorama of a Pioneer And a Composer who must Escape a Mad Scientist in A Jet Boat	2006	162	R
50	BAKED CLEOPATRA	A Stunning Drama of a Forensic Psychologist And a Husband who must Overcome a Waitress in A Monastery	2006	182	G
51	BALLOON HOMEWARD	A Insightful Panorama of a Forensic Psychologist And a Mad Cow who must Build a Mad Scientist in The First Manned Space Station	2006	75	NC-17
52	BALLROOM MOCKINGBIRD	A Thrilling Documentary of a Composer And a Monkey who must Find a Feminist in California	2006	173	G
53	BANG KWAI	A Epic Drama of a Madman And a Cat who must Face a A Shark in An Abandoned Amusement Park	2006	87	NC-17
54	BANGER PINOCCHIO	A Awe-Inspiring Drama of a Car And a Pastry Chef who must Chase a Crocodile in The First Manned Space Station	2006	113	R
55	BARBARELLA STREETCAR	A Awe-Inspiring Story of a Feminist And a Cat who must Conquer a Dog in A Monastery	2006	65	G
56	BAREFOOT MANCHURIAN	A Intrepid Story of a Cat And a Student who must Vanquish a Girl in An Abandoned Amusement Park	2006	129	G
57	BASIC EASY	A Stunning Epistle of a Man And a Husband who must Reach a Mad Scientist in A Jet Boat	2006	90	PG-13
58	BEACH HEARTBREAKERS	A Fateful Display of a Womanizer And a Mad Scientist who must Outgun a A Shark in Soviet Georgia	2006	122	G
59	BEAR GRACELAND	A Astounding Saga of a Dog And a Boy who must Kill a Teacher in The First Manned Space Station	2006	160	R
60	BEAST HUNCHBACK	A Awe-Inspiring Epistle of a Student And a Squirrel who must Defeat a Boy in Ancient China	2006	89	R
61	BEAUTY GREASE	A Fast-Paced Display of a Composer And a Moose who must Sink a Robot in An Abandoned Mine Shaft	2006	175	G
62	BED HIGHBALL	A Astounding Panorama of a Lumberjack And a Dog who must Redeem a Woman in An Abandoned Fun House	2006	106	NC-17
63	BEDAZZLED MARRIED	A Astounding Character Study of a Madman And a Robot who must Meet a Mad Scientist in An Abandoned Fun House	2006	73	PG
64	BEETHOVEN EXORCIST	A Epic Display of a Pioneer And a Student who must Challenge a Butler in The Gulf of Mexico	2006	151	PG-13
65	BEHAVIOR RUNAWAY	A Unbelieveable Drama of a Student And a Husband who must Outrace a Sumo Wrestler in Berlin	2006	100	PG
66	BENEATH RUSH	A Astounding Panorama of a Man And a Monkey who must Discover a Man in The First Manned Space Station	2006	53	NC-17
67	BERETS AGENT	A Taut Saga of a Crocodile And a Boy who must Overcome a Technical Writer in Ancient China	2006	77	PG-13
68	BETRAYED REAR	A Emotional Character Study of a Boat And a Pioneer who must Find a Explorer in A Shark Tank	2006	122	NC-17
69	BEVERLY OUTLAW	A Fanciful Documentary of a Womanizer And a Boat who must Defeat a Madman in The First Manned Space Station	2006	85	R
70	BIKINI BORROWERS	A Astounding Drama of a Astronaut And a Cat who must Discover a Woman in The First Manned Space Station	2006	142	NC-17
71	BILKO ANONYMOUS	A Emotional Reflection of a Teacher And a Man who must Meet a Cat in The First Manned Space Station	2006	100	PG-13
72	BILL OTHERS	A Stunning Saga of a Mad Scientist And a Forensic Psychologist who must Challenge a Squirrel in A MySQL Convention	2006	93	PG
73	BINGO TALENTED	A Touching Tale of a Girl And a Crocodile who must Discover a Waitress in Nigeria	2006	150	PG-13
74	BIRCH ANTITRUST	A Fanciful Panorama of a Husband And a Pioneer who must Outgun a Dog in A Baloon	2006	162	PG
75	BIRD INDEPENDENCE	A Thrilling Documentary of a Car And a Student who must Sink a Hunter in The Canadian Rockies	2006	163	G
76	BIRDCAGE CASPER	A Fast-Paced Saga of a Frisbee And a Astronaut who must Overcome a Feminist in Ancient India	2006	103	NC-17
77	BIRDS PERDITION	A Boring Story of a Womanizer And a Pioneer who must Face a Dog in California	2006	61	G
78	BLACKOUT PRIVATE	A Intrepid Yarn of a Pastry Chef And a Mad Scientist who must Challenge a Secret Agent in Ancient Japan	2006	85	PG
79	BLADE POLISH	A Thoughtful Character Study of a Frisbee And a Pastry Chef who must Fight a Dentist in The First Manned Space Station	2006	114	PG-13
80	BLANKET BEVERLY	A Emotional Documentary of a Student And a Girl who must Build a Boat in Nigeria	2006	148	G
81	BLINDNESS GUN	A Touching Drama of a Robot And a Dentist who must Meet a Hunter in A Jet Boat	2006	103	PG-13
82	BLOOD ARGONAUTS	A Boring Drama of a Explorer And a Man who must Kill a Lumberjack in A Manhattan Penthouse	2006	71	G
83	BLUES INSTINCT	A Insightful Documentary of a Boat And a Composer who must Meet a Forensic Psychologist in An Abandoned Fun House	2006	50	G
84	BOILED DARES	A Awe-Inspiring Story of a Waitress And a Dog who must Discover a Dentist in Ancient Japan	2006	102	PG
85	BONNIE HOLOCAUST	A Fast-Paced Story of a Crocodile And a Robot who must Find a Moose in Ancient Japan	2006	63	G
86	BOOGIE AMELIE	A Lacklusture Character Study of a Husband And a Sumo Wrestler who must Succumb a Technical Writer in The Gulf of Mexico	2006	121	R
87	BOONDOCK BALLROOM	A Fateful Panorama of a Crocodile And a Boy who must Defeat a Monkey in The Gulf of Mexico	2006	76	NC-17
88	BORN SPINAL	A Touching Epistle of a Frisbee And a Husband who must Pursue a Student in Nigeria	2006	179	PG
89	BORROWERS BEDAZZLED	A Brilliant Epistle of a Teacher And a Sumo Wrestler who must Defeat a Man in An Abandoned Fun House	2006	63	G
90	BOULEVARD MOB	A Fateful Epistle of a Moose And a Monkey who must Confront a Lumberjack in Ancient China	2006	63	R
91	BOUND CHEAPER	A Thrilling Panorama of a Database Administrator And a Astronaut who must Challenge a Lumberjack in A Baloon	2006	98	PG
92	BOWFINGER GABLES	A Fast-Paced Yarn of a Waitress And a Composer who must Outgun a Dentist in California	2006	72	NC-17
93	BRANNIGAN SUNRISE	A Amazing Epistle of a Moose And a Crocodile who must Outrace a Dog in Berlin	2006	121	PG
94	BRAVEHEART HUMAN	A Insightful Story of a Dog And a Pastry Chef who must Battle a Girl in Berlin	2006	176	PG-13
95	BREAKFAST GOLDFINGER	A Beautiful Reflection of a Student And a Student who must Fight a Moose in Berlin	2006	123	G
96	BREAKING HOME	A Beautiful Display of a Secret Agent And a Monkey who must Battle a Sumo Wrestler in An Abandoned Mine Shaft	2006	169	PG-13
97	BRIDE INTRIGUE	A Epic Tale of a Robot And a Monkey who must Vanquish a Man in New Orleans	2006	56	G
98	BRIGHT ENCOUNTERS	A Fateful Yarn of a Lumberjack And a Feminist who must Conquer a Student in A Jet Boat	2006	73	PG-13
99	BRINGING HYSTERICAL	A Fateful Saga of a A Shark And a Technical Writer who must Find a Woman in A Jet Boat	2006	136	PG
100	BROOKLYN DESERT	A Beautiful Drama of a Dentist And a Composer who must Battle a Sumo Wrestler in The First Manned Space Station	2006	161	R
101	BROTHERHOOD BLANKET	A Fateful Character Study of a Butler And a Technical Writer who must Sink a Astronaut in Ancient Japan	2006	73	R
102	BUBBLE GROSSE	A Awe-Inspiring Panorama of a Crocodile And a Moose who must Confront a Girl in A Baloon	2006	60	R
103	BUCKET BROTHERHOOD	A Amazing Display of a Girl And a Womanizer who must Succumb a Lumberjack in A Baloon Factory	2006	133	PG
104	BUGSY SONG	A Awe-Inspiring Character Study of a Secret Agent And a Boat who must Find a Squirrel in The First Manned Space Station	2006	119	G
105	BULL SHAWSHANK	A Fanciful Drama of a Moose And a Squirrel who must Conquer a Pioneer in The Canadian Rockies	2006	125	NC-17
106	BULWORTH COMMANDMENTS	A Amazing Display of a Mad Cow And a Pioneer who must Redeem a Sumo Wrestler in The Outback	2006	61	G
107	BUNCH MINDS	A Emotional Story of a Feminist And a Feminist who must Escape a Pastry Chef in A MySQL Convention	2006	63	G
108	BUTCH PANTHER	A Lacklusture Yarn of a Feminist And a Database Administrator who must Face a Hunter in New Orleans	2006	67	PG-13
109	BUTTERFLY CHOCOLAT	A Fateful Story of a Girl And a Composer who must Conquer a Husband in A Shark Tank	2006	89	G
110	CABIN FLASH	A Stunning Epistle of a Boat And a Man who must Challenge a A Shark in A Baloon Factory	2006	53	NC-17
111	CADDYSHACK JEDI	A Awe-Inspiring Epistle of a Woman And a Madman who must Fight a Robot in Soviet Georgia	2006	52	NC-17
112	CALENDAR GUNFIGHT	A Thrilling Drama of a Frisbee And a Lumberjack who must Sink a Man in Nigeria	2006	120	NC-17
113	CALIFORNIA BIRDS	A Thrilling Yarn of a Database Administrator And a Robot who must Battle a Database Administrator in Ancient India	2006	75	NC-17
114	CAMELOT VACATION	A Touching Character Study of a Woman And a Waitress who must Battle a Pastry Chef in A MySQL Convention	2006	61	NC-17
115	CAMPUS REMEMBER	A Astounding Drama of a Crocodile And a Mad Cow who must Build a Robot in A Jet Boat	2006	167	R
116	CANDIDATE PERDITION	A Brilliant Epistle of a Composer And a Database Administrator who must Vanquish a Mad Scientist in The First Manned Space Station	2006	70	R
117	CANDLES GRAPES	A Fanciful Character Study of a Monkey And a Explorer who must Build a Astronaut in An Abandoned Fun House	2006	135	NC-17
118	CANYON STOCK	A Thoughtful Reflection of a Waitress And a Feminist who must Escape a Squirrel in A Manhattan Penthouse	2006	85	R
119	CAPER MOTIONS	A Fateful Saga of a Moose And a Car who must Pursue a Woman in A MySQL Convention	2006	176	G
120	CARIBBEAN LIBERTY	A Fanciful Tale of a Pioneer And a Technical Writer who must Outgun a Pioneer in A Shark Tank	2006	92	NC-17
121	CAROL TEXAS	A Astounding Character Study of a Composer And a Student who must Overcome a Composer in A Monastery	2006	151	PG
122	CARRIE BUNCH	A Amazing Epistle of a Student And a Astronaut who must Discover a Frisbee in The Canadian Rockies	2006	114	PG
123	CASABLANCA SUPER	A Amazing Panorama of a Crocodile And a Forensic Psychologist who must Pursue a Secret Agent in The First Manned Space Station	2006	85	G
124	CASPER DRAGONFLY	A Intrepid Documentary of a Boat And a Crocodile who must Chase a Robot in The Sahara Desert	2006	163	PG-13
125	CASSIDY WYOMING	A Intrepid Drama of a Frisbee And a Hunter who must Kill a Secret Agent in New Orleans	2006	61	NC-17
126	CASUALTIES ENCINO	A Insightful Yarn of a A Shark And a Pastry Chef who must Face a Boy in A Monastery	2006	179	G
127	CAT CONEHEADS	A Fast-Paced Panorama of a Girl And a A Shark who must Confront a Boy in Ancient India	2006	112	G
128	CATCH AMISTAD	A Boring Reflection of a Lumberjack And a Feminist who must Discover a Woman in Nigeria	2006	183	G
129	CAUSE DATE	A Taut Tale of a Explorer And a Pastry Chef who must Conquer a Hunter in A MySQL Convention	2006	179	R
130	CELEBRITY HORN	A Amazing Documentary of a Secret Agent And a Astronaut who must Vanquish a Hunter in A Shark Tank	2006	110	PG-13
131	CENTER DINOSAUR	A Beautiful Character Study of a Sumo Wrestler And a Dentist who must Find a Dog in California	2006	152	PG
132	CHAINSAW UPTOWN	A Beautiful Documentary of a Boy And a Robot who must Discover a Squirrel in Australia	2006	114	PG
133	CHAMBER ITALIAN	A Fateful Reflection of a Moose And a Husband who must Overcome a Monkey in Nigeria	2006	117	NC-17
134	CHAMPION FLATLINERS	A Amazing Story of a Mad Cow And a Dog who must Kill a Husband in A Monastery	2006	51	PG
135	CHANCE RESURRECTION	A Astounding Story of a Forensic Psychologist And a Forensic Psychologist who must Overcome a Moose in Ancient China	2006	70	R
136	CHAPLIN LICENSE	A Boring Drama of a Dog And a Forensic Psychologist who must Outrace a Explorer in Ancient India	2006	146	NC-17
137	CHARADE DUFFEL	A Action-Packed Display of a Man And a Waitress who must Build a Dog in A MySQL Convention	2006	66	PG
138	CHARIOTS CONSPIRACY	A Unbelieveable Epistle of a Robot And a Husband who must Chase a Robot in The First Manned Space Station	2006	71	R
139	CHASING FIGHT	A Astounding Saga of a Technical Writer And a Butler who must Battle a Butler in A Shark Tank	2006	114	PG
140	CHEAPER CLYDE	A Emotional Character Study of a Pioneer And a Girl who must Discover a Dog in Ancient Japan	2006	87	G
141	CHICAGO NORTH	A Fateful Yarn of a Mad Cow And a Waitress who must Battle a Student in California	2006	185	PG-13
142	CHICKEN HELLFIGHTERS	A Emotional Drama of a Dog And a Explorer who must Outrace a Technical Writer in Australia	2006	122	PG
143	CHILL LUCK	A Lacklusture Epistle of a Boat And a Technical Writer who must Fight a A Shark in The Canadian Rockies	2006	142	PG
144	CHINATOWN GLADIATOR	A Brilliant Panorama of a Technical Writer And a Lumberjack who must Escape a Butler in Ancient India	2006	61	PG
145	CHISUM BEHAVIOR	A Epic Documentary of a Sumo Wrestler And a Butler who must Kill a Car in Ancient India	2006	124	G
146	CHITTY LOCK	A Boring Epistle of a Boat And a Database Administrator who must Kill a Sumo Wrestler in The First Manned Space Station	2006	107	G
147	CHOCOLAT HARRY	A Action-Packed Epistle of a Dentist And a Moose who must Meet a Mad Cow in Ancient Japan	2006	101	NC-17
148	CHOCOLATE DUCK	A Unbelieveable Story of a Mad Scientist And a Technical Writer who must Discover a Composer in Ancient China	2006	132	R
149	CHRISTMAS MOONSHINE	A Action-Packed Epistle of a Feminist And a Astronaut who must Conquer a Boat in A Manhattan Penthouse	2006	150	NC-17
150	CIDER DESIRE	A Stunning Character Study of a Composer And a Mad Cow who must Succumb a Cat in Soviet Georgia	2006	101	PG
151	CINCINATTI WHISPERER	A Brilliant Saga of a Pastry Chef And a Hunter who must Confront a Butler in Berlin	2006	143	NC-17
152	CIRCUS YOUTH	A Thoughtful Drama of a Pastry Chef And a Dentist who must Pursue a Girl in A Baloon	2006	90	PG-13
153	CITIZEN SHREK	A Fanciful Character Study of a Technical Writer And a Husband who must Redeem a Robot in The Outback	2006	165	G
154	CLASH FREDDY	A Amazing Yarn of a Composer And a Squirrel who must Escape a Astronaut in Australia	2006	81	G
155	CLEOPATRA DEVIL	A Fanciful Documentary of a Crocodile And a Technical Writer who must Fight a A Shark in A Baloon	2006	150	PG-13
156	CLERKS ANGELS	A Thrilling Display of a Sumo Wrestler And a Girl who must Confront a Man in A Baloon	2006	164	G
157	CLOCKWORK PARADISE	A Insightful Documentary of a Technical Writer And a Feminist who must Challenge a Cat in A Baloon	2006	143	PG-13
158	CLONES PINOCCHIO	A Amazing Drama of a Car And a Robot who must Pursue a Dentist in New Orleans	2006	124	R
159	CLOSER BANG	A Unbelieveable Panorama of a Frisbee And a Hunter who must Vanquish a Monkey in Ancient India	2006	58	R
160	CLUB GRAFFITI	A Epic Tale of a Pioneer And a Hunter who must Escape a Girl in A U-Boat	2006	65	PG-13
161	CLUE GRAIL	A Taut Tale of a Butler And a Mad Scientist who must Build a Crocodile in Ancient China	2006	70	NC-17
162	CLUELESS BUCKET	A Taut Tale of a Car And a Pioneer who must Conquer a Sumo Wrestler in An Abandoned Fun House	2006	95	R
163	CLYDE THEORY	A Beautiful Yarn of a Astronaut And a Frisbee who must Overcome a Explorer in A Jet Boat	2006	139	PG-13
164	COAST RAINBOW	A Astounding Documentary of a Mad Cow And a Pioneer who must Challenge a Butler in The Sahara Desert	2006	55	PG
165	COLDBLOODED DARLING	A Brilliant Panorama of a Dentist And a Moose who must Find a Student in The Gulf of Mexico	2006	70	G
166	COLOR PHILADELPHIA	A Thoughtful Panorama of a Car And a Crocodile who must Sink a Monkey in The Sahara Desert	2006	149	G
167	COMA HEAD	A Awe-Inspiring Drama of a Boy And a Frisbee who must Escape a Pastry Chef in California	2006	109	NC-17
168	COMANCHEROS ENEMY	A Boring Saga of a Lumberjack And a Monkey who must Find a Monkey in The Gulf of Mexico	2006	67	R
169	COMFORTS RUSH	A Unbelieveable Panorama of a Pioneer And a Husband who must Meet a Mad Cow in An Abandoned Mine Shaft	2006	76	NC-17
170	COMMAND DARLING	A Awe-Inspiring Tale of a Forensic Psychologist And a Woman who must Challenge a Database Administrator in Ancient Japan	2006	120	PG-13
171	COMMANDMENTS EXPRESS	A Fanciful Saga of a Student And a Mad Scientist who must Battle a Hunter in An Abandoned Mine Shaft	2006	59	R
172	CONEHEADS SMOOCHY	A Touching Story of a Womanizer And a Composer who must Pursue a Husband in Nigeria	2006	112	NC-17
173	CONFESSIONS MAGUIRE	A Insightful Story of a Car And a Boy who must Battle a Technical Writer in A Baloon	2006	65	PG-13
174	CONFIDENTIAL INTERVIEW	A Stunning Reflection of a Cat And a Woman who must Find a Astronaut in Ancient Japan	2006	180	NC-17
175	CONFUSED CANDLES	A Stunning Epistle of a Cat And a Forensic Psychologist who must Confront a Pioneer in A Baloon	2006	122	PG-13
176	CONGENIALITY QUEST	A Touching Documentary of a Cat And a Pastry Chef who must Find a Lumberjack in A Baloon	2006	87	PG-13
177	CONNECTICUT TRAMP	A Unbelieveable Drama of a Crocodile And a Mad Cow who must Reach a Dentist in A Shark Tank	2006	172	R
178	CONNECTION MICROCOSMOS	A Fateful Documentary of a Crocodile And a Husband who must Face a Husband in The First Manned Space Station	2006	115	G
179	CONQUERER NUTS	A Taut Drama of a Mad Scientist And a Man who must Escape a Pioneer in An Abandoned Mine Shaft	2006	173	G
180	CONSPIRACY SPIRIT	A Awe-Inspiring Story of a Student And a Frisbee who must Conquer a Crocodile in An Abandoned Mine Shaft	2006	184	PG-13
181	CONTACT ANONYMOUS	A Insightful Display of a A Shark And a Monkey who must Face a Database Administrator in Ancient India	2006	166	PG-13
182	CONTROL ANTHEM	A Fateful Documentary of a Robot And a Student who must Battle a Cat in A Monastery	2006	185	G
183	CONVERSATION DOWNHILL	A Taut Character Study of a Husband And a Waitress who must Sink a Squirrel in A MySQL Convention	2006	112	R
184	CORE SUIT	A Unbelieveable Tale of a Car And a Explorer who must Confront a Boat in A Manhattan Penthouse	2006	92	PG-13
185	COWBOY DOOM	A Astounding Drama of a Boy And a Lumberjack who must Fight a Butler in A Baloon	2006	146	PG
186	CRAFT OUTFIELD	A Lacklusture Display of a Explorer And a Hunter who must Succumb a Database Administrator in A Baloon Factory	2006	64	NC-17
187	CRANES RESERVOIR	A Fanciful Documentary of a Teacher And a Dog who must Outgun a Forensic Psychologist in A Baloon Factory	2006	57	NC-17
188	CRAZY HOME	A Fanciful Panorama of a Boy And a Woman who must Vanquish a Database Administrator in The Outback	2006	136	PG
189	CREATURES SHAKESPEARE	A Emotional Drama of a Womanizer And a Squirrel who must Vanquish a Crocodile in Ancient India	2006	139	NC-17
190	CREEPERS KANE	A Awe-Inspiring Reflection of a Squirrel And a Boat who must Outrace a Car in A Jet Boat	2006	172	NC-17
191	CROOKED FROGMEN	A Unbelieveable Drama of a Hunter And a Database Administrator who must Battle a Crocodile in An Abandoned Amusement Park	2006	143	PG-13
192	CROSSING DIVORCE	A Beautiful Documentary of a Dog And a Robot who must Redeem a Womanizer in Berlin	2006	50	R
193	CROSSROADS CASUALTIES	A Intrepid Documentary of a Sumo Wrestler And a Astronaut who must Battle a Composer in The Outback	2006	153	G
194	CROW GREASE	A Awe-Inspiring Documentary of a Woman And a Husband who must Sink a Database Administrator in The First Manned Space Station	2006	104	PG
195	CROWDS TELEMARK	A Intrepid Documentary of a Astronaut And a Forensic Psychologist who must Find a Frisbee in An Abandoned Fun House	2006	112	R
196	CRUELTY UNFORGIVEN	A Brilliant Tale of a Car And a Moose who must Battle a Dentist in Nigeria	2006	69	G
197	CRUSADE HONEY	A Fast-Paced Reflection of a Explorer And a Butler who must Battle a Madman in An Abandoned Amusement Park	2006	112	R
198	CRYSTAL BREAKING	A Fast-Paced Character Study of a Feminist And a Explorer who must Face a Pastry Chef in Ancient Japan	2006	184	NC-17
199	CUPBOARD SINNERS	A Emotional Reflection of a Frisbee And a Boat who must Reach a Pastry Chef in An Abandoned Amusement Park	2006	56	R
200	CURTAIN VIDEOTAPE	A Boring Reflection of a Dentist And a Mad Cow who must Chase a Secret Agent in A Shark Tank	2006	133	PG-13
201	CYCLONE FAMILY	A Lacklusture Drama of a Student And a Monkey who must Sink a Womanizer in A MySQL Convention	2006	176	PG
202	DADDY PITTSBURGH	A Epic Story of a A Shark And a Student who must Confront a Explorer in The Gulf of Mexico	2006	161	G
203	DAISY MENAGERIE	A Fast-Paced Saga of a Pastry Chef And a Monkey who must Sink a Composer in Ancient India	2006	84	G
204	DALMATIONS SWEDEN	A Emotional Epistle of a Moose And a Hunter who must Overcome a Robot in A Manhattan Penthouse	2006	106	PG
205	DANCES NONE	A Insightful Reflection of a A Shark And a Dog who must Kill a Butler in An Abandoned Amusement Park	2006	58	NC-17
206	DANCING FEVER	A Stunning Story of a Explorer And a Forensic Psychologist who must Face a Crocodile in A Shark Tank	2006	144	G
207	DANGEROUS UPTOWN	A Unbelieveable Story of a Mad Scientist And a Woman who must Overcome a Dog in California	2006	121	PG
208	DARES PLUTO	A Fateful Story of a Robot And a Dentist who must Defeat a Astronaut in New Orleans	2006	89	PG-13
209	DARKNESS WAR	A Touching Documentary of a Husband And a Hunter who must Escape a Boy in The Sahara Desert	2006	99	NC-17
210	DARKO DORADO	A Stunning Reflection of a Frisbee And a Husband who must Redeem a Dog in New Orleans	2006	130	NC-17
211	DARLING BREAKING	A Brilliant Documentary of a Astronaut And a Squirrel who must Succumb a Student in The Gulf of Mexico	2006	165	PG-13
212	DARN FORRESTER	A Fateful Story of a A Shark And a Explorer who must Succumb a Technical Writer in A Jet Boat	2006	185	G
213	DATE SPEED	A Touching Saga of a Composer And a Moose who must Discover a Dentist in A MySQL Convention	2006	104	R
214	DAUGHTER MADIGAN	A Beautiful Tale of a Hunter And a Mad Scientist who must Confront a Squirrel in The First Manned Space Station	2006	59	PG-13
215	DAWN POND	A Thoughtful Documentary of a Dentist And a Forensic Psychologist who must Defeat a Waitress in Berlin	2006	57	PG
216	DAY UNFAITHFUL	A Stunning Documentary of a Composer And a Mad Scientist who must Find a Technical Writer in A U-Boat	2006	113	G
217	DAZED PUNK	A Action-Packed Story of a Pioneer And a Technical Writer who must Discover a Forensic Psychologist in An Abandoned Amusement Park	2006	120	G
218	DECEIVER BETRAYED	A Taut Story of a Moose And a Squirrel who must Build a Husband in Ancient India	2006	122	NC-17
219	DEEP CRUSADE	A Amazing Tale of a Crocodile And a Squirrel who must Discover a Composer in Australia	2006	51	PG-13
220	DEER VIRGINIAN	A Thoughtful Story of a Mad Cow And a Womanizer who must Overcome a Mad Scientist in Soviet Georgia	2006	106	NC-17
221	DELIVERANCE MULHOLLAND	A Astounding Saga of a Monkey And a Moose who must Conquer a Butler in A Shark Tank	2006	100	R
222	DESERT POSEIDON	A Brilliant Documentary of a Butler And a Frisbee who must Build a Astronaut in New Orleans	2006	64	R
223	DESIRE ALIEN	A Fast-Paced Tale of a Dog And a Forensic Psychologist who must Meet a Astronaut in The First Manned Space Station	2006	76	NC-17
224	DESPERATE TRAINSPOTTING	A Epic Yarn of a Forensic Psychologist And a Teacher who must Face a Lumberjack in California	2006	81	G
225	DESTINATION JERK	A Beautiful Yarn of a Teacher And a Cat who must Build a Car in A U-Boat	2006	76	PG-13
226	DESTINY SATURDAY	A Touching Drama of a Crocodile And a Crocodile who must Conquer a Explorer in Soviet Georgia	2006	56	G
227	DETAILS PACKER	A Epic Saga of a Waitress And a Composer who must Face a Boat in A U-Boat	2006	88	R
228	DETECTIVE VISION	A Fanciful Documentary of a Pioneer And a Woman who must Redeem a Hunter in Ancient Japan	2006	143	PG-13
229	DEVIL DESIRE	A Beautiful Reflection of a Monkey And a Dentist who must Face a Database Administrator in Ancient Japan	2006	87	R
230	DIARY PANIC	A Thoughtful Character Study of a Frisbee And a Mad Cow who must Outgun a Man in Ancient India	2006	107	G
231	DINOSAUR SECRETARY	A Action-Packed Drama of a Feminist And a Girl who must Reach a Robot in The Canadian Rockies	2006	63	R
232	DIRTY ACE	A Action-Packed Character Study of a Forensic Psychologist And a Girl who must Build a Dentist in The Outback	2006	147	NC-17
233	DISCIPLE MOTHER	A Touching Reflection of a Mad Scientist And a Boat who must Face a Moose in A Shark Tank	2006	141	PG
234	DISTURBING SCARFACE	A Lacklusture Display of a Crocodile And a Butler who must Overcome a Monkey in A U-Boat	2006	94	R
235	DIVIDE MONSTER	A Intrepid Saga of a Man And a Forensic Psychologist who must Reach a Squirrel in A Monastery	2006	68	PG-13
236	DIVINE RESURRECTION	A Boring Character Study of a Man And a Womanizer who must Succumb a Teacher in An Abandoned Amusement Park	2006	100	R
237	DIVORCE SHINING	A Unbelieveable Saga of a Crocodile And a Student who must Discover a Cat in Ancient India	2006	47	G
238	DOCTOR GRAIL	A Insightful Drama of a Womanizer And a Waitress who must Reach a Forensic Psychologist in The Outback	2006	57	G
239	DOGMA FAMILY	A Brilliant Character Study of a Database Administrator And a Monkey who must Succumb a Astronaut in New Orleans	2006	122	G
240	DOLLS RAGE	A Thrilling Display of a Pioneer And a Frisbee who must Escape a Teacher in The Outback	2006	120	PG-13
241	DONNIE ALLEY	A Awe-Inspiring Tale of a Butler And a Frisbee who must Vanquish a Teacher in Ancient Japan	2006	125	NC-17
242	DOOM DANCING	A Astounding Panorama of a Car And a Mad Scientist who must Battle a Lumberjack in A MySQL Convention	2006	68	R
243	DOORS PRESIDENT	A Awe-Inspiring Display of a Squirrel And a Woman who must Overcome a Boy in The Gulf of Mexico	2006	49	NC-17
244	DORADO NOTTING	A Action-Packed Tale of a Sumo Wrestler And a A Shark who must Meet a Frisbee in California	2006	139	NC-17
245	DOUBLE WRATH	A Thoughtful Yarn of a Womanizer And a Dog who must Challenge a Madman in The Gulf of Mexico	2006	177	R
246	DOUBTFIRE LABYRINTH	A Intrepid Panorama of a Butler And a Composer who must Meet a Mad Cow in The Sahara Desert	2006	154	R
247	DOWNHILL ENOUGH	A Emotional Tale of a Pastry Chef And a Forensic Psychologist who must Succumb a Monkey in The Sahara Desert	2006	47	G
248	DOZEN LION	A Taut Drama of a Cat And a Girl who must Defeat a Frisbee in The Canadian Rockies	2006	177	NC-17
249	DRACULA CRYSTAL	A Thrilling Reflection of a Feminist And a Cat who must Find a Frisbee in An Abandoned Fun House	2006	176	G
250	DRAGON SQUAD	A Taut Reflection of a Boy And a Waitress who must Outgun a Teacher in Ancient China	2006	170	NC-17
251	DRAGONFLY STRANGERS	A Boring Documentary of a Pioneer And a Man who must Vanquish a Man in Nigeria	2006	133	NC-17
252	DREAM PICKUP	A Epic Display of a Car And a Composer who must Overcome a Forensic Psychologist in The Gulf of Mexico	2006	135	PG
253	DRIFTER COMMANDMENTS	A Epic Reflection of a Womanizer And a Squirrel who must Discover a Husband in A Jet Boat	2006	61	PG-13
254	DRIVER ANNIE	A Lacklusture Character Study of a Butler And a Car who must Redeem a Boat in An Abandoned Fun House	2006	159	PG-13
255	DRIVING POLISH	A Action-Packed Yarn of a Feminist And a Technical Writer who must Sink a Boat in An Abandoned Mine Shaft	2006	175	NC-17
256	DROP WATERFRONT	A Fanciful Documentary of a Husband And a Explorer who must Reach a Madman in Ancient China	2006	178	R
257	DRUMLINE CYCLONE	A Insightful Panorama of a Monkey And a Sumo Wrestler who must Outrace a Mad Scientist in The Canadian Rockies	2006	110	G
258	DRUMS DYNAMITE	A Epic Display of a Crocodile And a Crocodile who must Confront a Dog in An Abandoned Amusement Park	2006	96	PG
259	DUCK RACER	A Lacklusture Yarn of a Teacher And a Squirrel who must Overcome a Dog in A Shark Tank	2006	116	NC-17
260	DUDE BLINDNESS	A Stunning Reflection of a Husband And a Lumberjack who must Face a Frisbee in An Abandoned Fun House	2006	132	G
261	DUFFEL APOCALYPSE	A Emotional Display of a Boat And a Explorer who must Challenge a Madman in A MySQL Convention	2006	171	G
262	DUMBO LUST	A Touching Display of a Feminist And a Dentist who must Conquer a Husband in The Gulf of Mexico	2006	119	NC-17
263	DURHAM PANKY	A Brilliant Panorama of a Girl And a Boy who must Face a Mad Scientist in An Abandoned Mine Shaft	2006	154	R
264	DWARFS ALTER	A Emotional Yarn of a Girl And a Dog who must Challenge a Composer in Ancient Japan	2006	101	G
265	DYING MAKER	A Intrepid Tale of a Boat And a Monkey who must Kill a Cat in California	2006	168	PG
266	DYNAMITE TARZAN	A Intrepid Documentary of a Forensic Psychologist And a Mad Scientist who must Face a Explorer in A U-Boat	2006	141	PG-13
267	EAGLES PANKY	A Thoughtful Story of a Car And a Boy who must Find a A Shark in The Sahara Desert	2006	140	NC-17
268	EARLY HOME	A Amazing Panorama of a Mad Scientist And a Husband who must Meet a Woman in The Outback	2006	96	NC-17
269	EARRING INSTINCT	A Stunning Character Study of a Dentist And a Mad Cow who must Find a Teacher in Nigeria	2006	98	R
270	EARTH VISION	A Stunning Drama of a Butler And a Madman who must Outrace a Womanizer in Ancient India	2006	85	NC-17
271	EASY GLADIATOR	A Fateful Story of a Monkey And a Girl who must Overcome a Pastry Chef in Ancient India	2006	148	G
272	EDGE KISSING	A Beautiful Yarn of a Composer And a Mad Cow who must Redeem a Mad Scientist in A Jet Boat	2006	153	NC-17
273	EFFECT GLADIATOR	A Beautiful Display of a Pastry Chef And a Pastry Chef who must Outgun a Forensic Psychologist in A Manhattan Penthouse	2006	107	PG
274	EGG IGBY	A Beautiful Documentary of a Boat And a Sumo Wrestler who must Succumb a Database Administrator in The First Manned Space Station	2006	67	PG
275	EGYPT TENENBAUMS	A Intrepid Story of a Madman And a Secret Agent who must Outrace a Astronaut in An Abandoned Amusement Park	2006	85	PG
276	ELEMENT FREDDY	A Awe-Inspiring Reflection of a Waitress And a Squirrel who must Kill a Mad Cow in A Jet Boat	2006	115	NC-17
277	ELEPHANT TROJAN	A Beautiful Panorama of a Lumberjack And a Forensic Psychologist who must Overcome a Frisbee in A Baloon	2006	126	PG-13
278	ELF MURDER	A Action-Packed Story of a Frisbee And a Woman who must Reach a Girl in An Abandoned Mine Shaft	2006	155	NC-17
279	ELIZABETH SHANE	A Lacklusture Display of a Womanizer And a Dog who must Face a Sumo Wrestler in Ancient Japan	2006	152	NC-17
280	EMPIRE MALKOVICH	A Amazing Story of a Feminist And a Cat who must Face a Car in An Abandoned Fun House	2006	177	G
281	ENCINO ELF	A Astounding Drama of a Feminist And a Teacher who must Confront a Husband in A Baloon	2006	143	G
282	ENCOUNTERS CURTAIN	A Insightful Epistle of a Pastry Chef And a Womanizer who must Build a Boat in New Orleans	2006	92	NC-17
283	ENDING CROWDS	A Unbelieveable Display of a Dentist And a Madman who must Vanquish a Squirrel in Berlin	2006	85	NC-17
284	ENEMY ODDS	A Fanciful Panorama of a Mad Scientist And a Woman who must Pursue a Astronaut in Ancient India	2006	77	NC-17
285	ENGLISH BULWORTH	A Intrepid Epistle of a Pastry Chef And a Pastry Chef who must Pursue a Crocodile in Ancient China	2006	51	PG-13
286	ENOUGH RAGING	A Astounding Character Study of a Boat And a Secret Agent who must Find a Mad Cow in The Sahara Desert	2006	158	NC-17
287	ENTRAPMENT SATISFACTION	A Thoughtful Panorama of a Hunter And a Teacher who must Reach a Mad Cow in A U-Boat	2006	176	R
288	ESCAPE METROPOLIS	A Taut Yarn of a Astronaut And a Technical Writer who must Outgun a Boat in New Orleans	2006	167	R
289	EVE RESURRECTION	A Awe-Inspiring Yarn of a Pastry Chef And a Database Administrator who must Challenge a Teacher in A Baloon	2006	66	G
290	EVERYONE CRAFT	A Fateful Display of a Waitress And a Dentist who must Reach a Butler in Nigeria	2006	163	PG
291	EVOLUTION ALTER	A Fanciful Character Study of a Feminist And a Madman who must Find a Explorer in A Baloon Factory	2006	174	PG-13
292	EXCITEMENT EVE	A Brilliant Documentary of a Monkey And a Car who must Conquer a Crocodile in A Shark Tank	2006	51	G
293	EXORCIST STING	A Touching Drama of a Dog And a Sumo Wrestler who must Conquer a Mad Scientist in Berlin	2006	167	G
294	EXPECATIONS NATURAL	A Amazing Drama of a Butler And a Husband who must Reach a A Shark in A U-Boat	2006	138	PG-13
295	EXPENDABLE STALLION	A Amazing Character Study of a Mad Cow And a Squirrel who must Discover a Hunter in A U-Boat	2006	97	PG
296	EXPRESS LONELY	A Boring Drama of a Astronaut And a Boat who must Face a Boat in California	2006	178	R
297	EXTRAORDINARY CONQUERER	A Stunning Story of a Dog And a Feminist who must Face a Forensic Psychologist in Berlin	2006	122	G
298	EYES DRIVING	A Thrilling Story of a Cat And a Waitress who must Fight a Explorer in The Outback	2006	172	PG-13
299	FACTORY DRAGON	A Action-Packed Saga of a Teacher And a Frisbee who must Escape a Lumberjack in The Sahara Desert	2006	144	PG-13
300	FALCON VOLUME	A Fateful Saga of a Sumo Wrestler And a Hunter who must Redeem a A Shark in New Orleans	2006	102	PG-13
301	FAMILY SWEET	A Epic Documentary of a Teacher And a Boy who must Escape a Woman in Berlin	2006	155	R
302	FANTASIA PARK	A Thoughtful Documentary of a Mad Scientist And a A Shark who must Outrace a Feminist in Australia	2006	131	G
303	FANTASY TROOPERS	A Touching Saga of a Teacher And a Monkey who must Overcome a Secret Agent in A MySQL Convention	2006	58	PG-13
304	FARGO GANDHI	A Thrilling Reflection of a Pastry Chef And a Crocodile who must Reach a Teacher in The Outback	2006	130	G
305	FATAL HAUNTED	A Beautiful Drama of a Student And a Secret Agent who must Confront a Dentist in Ancient Japan	2006	91	PG
306	FEATHERS METAL	A Thoughtful Yarn of a Monkey And a Teacher who must Find a Dog in Australia	2006	104	PG-13
307	FELLOWSHIP AUTUMN	A Lacklusture Reflection of a Dentist And a Hunter who must Meet a Teacher in A Baloon	2006	77	NC-17
308	FERRIS MOTHER	A Touching Display of a Frisbee And a Frisbee who must Kill a Girl in The Gulf of Mexico	2006	142	PG
309	FEUD FROGMEN	A Brilliant Reflection of a Database Administrator And a Mad Cow who must Chase a Woman in The Canadian Rockies	2006	98	R
310	FEVER EMPIRE	A Insightful Panorama of a Cat And a Boat who must Defeat a Boat in The Gulf of Mexico	2006	158	R
311	FICTION CHRISTMAS	A Emotional Yarn of a A Shark And a Student who must Battle a Robot in An Abandoned Mine Shaft	2006	72	PG
312	FIDDLER LOST	A Boring Tale of a Squirrel And a Dog who must Challenge a Madman in The Gulf of Mexico	2006	75	R
313	FIDELITY DEVIL	A Awe-Inspiring Drama of a Technical Writer And a Composer who must Reach a Pastry Chef in A U-Boat	2006	118	G
314	FIGHT JAWBREAKER	A Intrepid Panorama of a Womanizer And a Girl who must Escape a Girl in A Manhattan Penthouse	2006	91	R
315	FINDING ANACONDA	A Fateful Tale of a Database Administrator And a Girl who must Battle a Squirrel in New Orleans	2006	156	R
316	FIRE WOLVES	A Intrepid Documentary of a Frisbee And a Dog who must Outrace a Lumberjack in Nigeria	2006	173	R
317	FIREBALL PHILADELPHIA	A Amazing Yarn of a Dentist And a A Shark who must Vanquish a Madman in An Abandoned Mine Shaft	2006	148	PG
318	FIREHOUSE VIETNAM	A Awe-Inspiring Character Study of a Boat And a Boy who must Kill a Pastry Chef in The Sahara Desert	2006	103	G
319	FISH OPUS	A Touching Display of a Feminist And a Girl who must Confront a Astronaut in Australia	2006	125	R
320	FLAMINGOS CONNECTICUT	A Fast-Paced Reflection of a Composer And a Composer who must Meet a Cat in The Sahara Desert	2006	80	PG-13
321	FLASH WARS	A Astounding Saga of a Moose And a Pastry Chef who must Chase a Student in The Gulf of Mexico	2006	123	NC-17
322	FLATLINERS KILLER	A Taut Display of a Secret Agent And a Waitress who must Sink a Robot in An Abandoned Mine Shaft	2006	100	G
323	FLIGHT LIES	A Stunning Character Study of a Crocodile And a Pioneer who must Pursue a Teacher in New Orleans	2006	179	R
324	FLINTSTONES HAPPINESS	A Fateful Story of a Husband And a Moose who must Vanquish a Boy in California	2006	148	PG-13
325	FLOATS GARDEN	A Action-Packed Epistle of a Robot And a Car who must Chase a Boat in Ancient Japan	2006	145	PG-13
326	FLYING HOOK	A Thrilling Display of a Mad Cow And a Dog who must Challenge a Frisbee in Nigeria	2006	69	NC-17
327	FOOL MOCKINGBIRD	A Lacklusture Tale of a Crocodile And a Composer who must Defeat a Madman in A U-Boat	2006	158	PG
328	FOREVER CANDIDATE	A Unbelieveable Panorama of a Technical Writer And a Man who must Pursue a Frisbee in A U-Boat	2006	131	NC-17
329	FORREST SONS	A Thrilling Documentary of a Forensic Psychologist And a Butler who must Defeat a Explorer in A Jet Boat	2006	63	R
330	FORRESTER COMANCHEROS	A Fateful Tale of a Squirrel And a Forensic Psychologist who must Redeem a Man in Nigeria	2006	112	NC-17
331	FORWARD TEMPLE	A Astounding Display of a Forensic Psychologist And a Mad Scientist who must Challenge a Girl in New Orleans	2006	90	NC-17
332	FRANKENSTEIN STRANGER	A Insightful Character Study of a Feminist And a Pioneer who must Pursue a Pastry Chef in Nigeria	2006	159	NC-17
333	FREAKY POCUS	A Fast-Paced Documentary of a Pastry Chef And a Crocodile who must Chase a Squirrel in The Gulf of Mexico	2006	126	R
334	FREDDY STORM	A Intrepid Saga of a Man And a Lumberjack who must Vanquish a Husband in The Outback	2006	65	NC-17
335	FREEDOM CLEOPATRA	A Emotional Reflection of a Dentist And a Mad Cow who must Face a Squirrel in A Baloon	2006	133	PG-13
336	FRENCH HOLIDAY	A Thrilling Epistle of a Dog And a Feminist who must Kill a Madman in Berlin	2006	99	PG
337	FRIDA SLIPPER	A Fateful Story of a Lumberjack And a Car who must Escape a Boat in An Abandoned Mine Shaft	2006	73	R
338	FRISCO FORREST	A Beautiful Documentary of a Woman And a Pioneer who must Pursue a Mad Scientist in A Shark Tank	2006	51	PG
339	FROGMEN BREAKING	A Unbelieveable Yarn of a Mad Scientist And a Cat who must Chase a Lumberjack in Australia	2006	111	R
340	FRONTIER CABIN	A Emotional Story of a Madman And a Waitress who must Battle a Teacher in An Abandoned Fun House	2006	183	PG-13
341	FROST HEAD	A Amazing Reflection of a Lumberjack And a Cat who must Discover a Husband in A MySQL Convention	2006	82	PG
342	FUGITIVE MAGUIRE	A Taut Epistle of a Feminist And a Sumo Wrestler who must Battle a Crocodile in Australia	2006	83	R
343	FULL FLATLINERS	A Beautiful Documentary of a Astronaut And a Moose who must Pursue a Monkey in A Shark Tank	2006	94	PG
344	FURY MURDER	A Lacklusture Reflection of a Boat And a Forensic Psychologist who must Fight a Waitress in A Monastery	2006	178	PG-13
345	GABLES METROPOLIS	A Fateful Display of a Cat And a Pioneer who must Challenge a Pastry Chef in A Baloon Factory	2006	161	PG
346	GALAXY SWEETHEARTS	A Emotional Reflection of a Womanizer And a Pioneer who must Face a Squirrel in Berlin	2006	128	R
347	GAMES BOWFINGER	A Astounding Documentary of a Butler And a Explorer who must Challenge a Butler in A Monastery	2006	119	PG-13
348	GANDHI KWAI	A Thoughtful Display of a Mad Scientist And a Secret Agent who must Chase a Boat in Berlin	2006	86	PG-13
349	GANGS PRIDE	A Taut Character Study of a Woman And a A Shark who must Confront a Frisbee in Berlin	2006	185	PG-13
350	GARDEN ISLAND	A Unbelieveable Character Study of a Womanizer And a Madman who must Reach a Man in The Outback	2006	80	G
351	GASLIGHT CRUSADE	A Amazing Epistle of a Boy And a Astronaut who must Redeem a Man in The Gulf of Mexico	2006	106	PG
352	GATHERING CALENDAR	A Intrepid Tale of a Pioneer And a Moose who must Conquer a Frisbee in A MySQL Convention	2006	176	PG-13
353	GENTLEMEN STAGE	A Awe-Inspiring Reflection of a Monkey And a Student who must Overcome a Dentist in The First Manned Space Station	2006	125	NC-17
354	GHOST GROUNDHOG	A Brilliant Panorama of a Madman And a Composer who must Succumb a Car in Ancient India	2006	85	G
355	GHOSTBUSTERS ELF	A Thoughtful Epistle of a Dog And a Feminist who must Chase a Composer in Berlin	2006	101	R
356	GIANT TROOPERS	A Fateful Display of a Feminist And a Monkey who must Vanquish a Monkey in The Canadian Rockies	2006	102	R
357	GILBERT PELICAN	A Fateful Tale of a Man And a Feminist who must Conquer a Crocodile in A Manhattan Penthouse	2006	114	G
358	GILMORE BOILED	A Unbelieveable Documentary of a Boat And a Husband who must Succumb a Student in A U-Boat	2006	163	R
359	GLADIATOR WESTWARD	A Astounding Reflection of a Squirrel And a Sumo Wrestler who must Sink a Dentist in Ancient Japan	2006	173	PG
360	GLASS DYING	A Astounding Drama of a Frisbee And a Astronaut who must Fight a Dog in Ancient Japan	2006	103	G
361	GLEAMING JAWBREAKER	A Amazing Display of a Composer And a Forensic Psychologist who must Discover a Car in The Canadian Rockies	2006	89	NC-17
362	GLORY TRACY	A Amazing Saga of a Woman And a Womanizer who must Discover a Cat in The First Manned Space Station	2006	115	PG-13
363	GO PURPLE	A Fast-Paced Display of a Car And a Database Administrator who must Battle a Woman in A Baloon	2006	54	R
364	GODFATHER DIARY	A Stunning Saga of a Lumberjack And a Squirrel who must Chase a Car in The Outback	2006	73	NC-17
365	GOLD RIVER	A Taut Documentary of a Database Administrator And a Waitress who must Reach a Mad Scientist in A Baloon Factory	2006	154	R
366	GOLDFINGER SENSIBILITY	A Insightful Drama of a Mad Scientist And a Hunter who must Defeat a Pastry Chef in New Orleans	2006	93	G
367	GOLDMINE TYCOON	A Brilliant Epistle of a Composer And a Frisbee who must Conquer a Husband in The Outback	2006	153	R
368	GONE TROUBLE	A Insightful Character Study of a Mad Cow And a Forensic Psychologist who must Conquer a A Shark in A Manhattan Penthouse	2006	84	R
369	GOODFELLAS SALUTE	A Unbelieveable Tale of a Dog And a Explorer who must Sink a Mad Cow in A Baloon Factory	2006	56	PG
370	GORGEOUS BINGO	A Action-Packed Display of a Sumo Wrestler And a Car who must Overcome a Waitress in A Baloon Factory	2006	108	R
371	GOSFORD DONNIE	A Epic Panorama of a Mad Scientist And a Monkey who must Redeem a Secret Agent in Berlin	2006	129	G
372	GRACELAND DYNAMITE	A Taut Display of a Cat And a Girl who must Overcome a Database Administrator in New Orleans	2006	140	R
373	GRADUATE LORD	A Lacklusture Epistle of a Girl And a A Shark who must Meet a Mad Scientist in Ancient China	2006	156	G
374	GRAFFITI LOVE	A Unbelieveable Epistle of a Sumo Wrestler And a Hunter who must Build a Composer in Berlin	2006	117	PG
375	GRAIL FRANKENSTEIN	A Unbelieveable Saga of a Teacher And a Monkey who must Fight a Girl in An Abandoned Mine Shaft	2006	85	NC-17
376	GRAPES FURY	A Boring Yarn of a Mad Cow And a Sumo Wrestler who must Meet a Robot in Australia	2006	155	G
377	GREASE YOUTH	A Emotional Panorama of a Secret Agent And a Waitress who must Escape a Composer in Soviet Georgia	2006	135	G
378	GREATEST NORTH	A Astounding Character Study of a Secret Agent And a Robot who must Build a A Shark in Berlin	2006	93	NC-17
379	GREEDY ROOTS	A Amazing Reflection of a A Shark And a Butler who must Chase a Hunter in The Canadian Rockies	2006	166	R
380	GREEK EVERYONE	A Stunning Display of a Butler And a Teacher who must Confront a A Shark in The First Manned Space Station	2006	176	PG
381	GRINCH MASSAGE	A Intrepid Display of a Madman And a Feminist who must Pursue a Pioneer in The First Manned Space Station	2006	150	R
382	GRIT CLOCKWORK	A Thoughtful Display of a Dentist And a Squirrel who must Confront a Lumberjack in A Shark Tank	2006	137	PG
383	GROOVE FICTION	A Unbelieveable Reflection of a Moose And a A Shark who must Defeat a Lumberjack in An Abandoned Mine Shaft	2006	111	NC-17
384	GROSSE WONDERFUL	A Epic Drama of a Cat And a Explorer who must Redeem a Moose in Australia	2006	49	R
385	GROUNDHOG UNCUT	A Brilliant Panorama of a Astronaut And a Technical Writer who must Discover a Butler in A Manhattan Penthouse	2006	139	PG-13
386	GUMP DATE	A Intrepid Yarn of a Explorer And a Student who must Kill a Husband in An Abandoned Mine Shaft	2006	53	NC-17
387	GUN BONNIE	A Boring Display of a Sumo Wrestler And a Husband who must Build a Waitress in The Gulf of Mexico	2006	100	G
388	GUNFIGHT MOON	A Epic Reflection of a Pastry Chef And a Explorer who must Reach a Dentist in The Sahara Desert	2006	70	NC-17
389	GUNFIGHTER MUSSOLINI	A Touching Saga of a Robot And a Boy who must Kill a Man in Ancient Japan	2006	127	PG-13
390	GUYS FALCON	A Boring Story of a Woman And a Feminist who must Redeem a Squirrel in A U-Boat	2006	84	R
391	HALF OUTFIELD	A Epic Epistle of a Database Administrator And a Crocodile who must Face a Madman in A Jet Boat	2006	146	PG-13
392	HALL CASSIDY	A Beautiful Panorama of a Pastry Chef And a A Shark who must Battle a Pioneer in Soviet Georgia	2006	51	NC-17
393	HALLOWEEN NUTS	A Amazing Panorama of a Forensic Psychologist And a Technical Writer who must Fight a Dentist in A U-Boat	2006	47	PG-13
394	HAMLET WISDOM	A Touching Reflection of a Man And a Man who must Sink a Robot in The Outback	2006	146	R
395	HANDICAP BOONDOCK	A Beautiful Display of a Pioneer And a Squirrel who must Vanquish a Sumo Wrestler in Soviet Georgia	2006	108	R
396	HANGING DEEP	A Action-Packed Yarn of a Boat And a Crocodile who must Build a Monkey in Berlin	2006	62	G
397	HANKY OCTOBER	A Boring Epistle of a Database Administrator And a Explorer who must Pursue a Madman in Soviet Georgia	2006	107	NC-17
398	HANOVER GALAXY	A Stunning Reflection of a Girl And a Secret Agent who must Succumb a Boy in A MySQL Convention	2006	47	NC-17
399	HAPPINESS UNITED	A Action-Packed Panorama of a Husband And a Feminist who must Meet a Forensic Psychologist in Ancient Japan	2006	100	G
400	HARDLY ROBBERS	A Emotional Character Study of a Hunter And a Car who must Kill a Woman in Berlin	2006	72	R
401	HAROLD FRENCH	A Stunning Saga of a Sumo Wrestler And a Student who must Outrace a Moose in The Sahara Desert	2006	168	NC-17
402	HARPER DYING	A Awe-Inspiring Reflection of a Woman And a Cat who must Confront a Feminist in The Sahara Desert	2006	52	G
403	HARRY IDAHO	A Taut Yarn of a Technical Writer And a Feminist who must Outrace a Dog in California	2006	121	PG-13
404	HATE HANDICAP	A Intrepid Reflection of a Mad Scientist And a Pioneer who must Overcome a Hunter in The First Manned Space Station	2006	107	PG
405	HAUNTED ANTITRUST	A Amazing Saga of a Man And a Dentist who must Reach a Technical Writer in Ancient India	2006	76	NC-17
406	HAUNTING PIANIST	A Fast-Paced Story of a Database Administrator And a Composer who must Defeat a Squirrel in An Abandoned Amusement Park	2006	181	R
407	HAWK CHILL	A Action-Packed Drama of a Mad Scientist And a Composer who must Outgun a Car in Australia	2006	47	PG-13
408	HEAD STRANGER	A Thoughtful Saga of a Hunter And a Crocodile who must Confront a Dog in The Gulf of Mexico	2006	69	R
409	HEARTBREAKERS BRIGHT	A Awe-Inspiring Documentary of a A Shark And a Dentist who must Outrace a Pastry Chef in The Canadian Rockies	2006	59	G
410	HEAVEN FREEDOM	A Intrepid Story of a Butler And a Car who must Vanquish a Man in New Orleans	2006	48	PG
411	HEAVENLY GUN	A Beautiful Yarn of a Forensic Psychologist And a Frisbee who must Battle a Moose in A Jet Boat	2006	49	NC-17
412	HEAVYWEIGHTS BEAST	A Unbelieveable Story of a Composer And a Dog who must Overcome a Womanizer in An Abandoned Amusement Park	2006	102	G
413	HEDWIG ALTER	A Action-Packed Yarn of a Womanizer And a Lumberjack who must Chase a Sumo Wrestler in A Monastery	2006	169	NC-17
414	HELLFIGHTERS SIERRA	A Taut Reflection of a A Shark And a Dentist who must Battle a Boat in Soviet Georgia	2006	75	PG
415	HIGH ENCINO	A Fateful Saga of a Waitress And a Hunter who must Outrace a Sumo Wrestler in Australia	2006	84	R
416	HIGHBALL POTTER	A Action-Packed Saga of a Husband And a Dog who must Redeem a Database Administrator in The Sahara Desert	2006	110	R
417	HILLS NEIGHBORS	A Epic Display of a Hunter And a Feminist who must Sink a Car in A U-Boat	2006	93	G
418	HOBBIT ALIEN	A Emotional Drama of a Husband And a Girl who must Outgun a Composer in The First Manned Space Station	2006	157	PG-13
419	HOCUS FRIDA	A Awe-Inspiring Tale of a Girl And a Madman who must Outgun a Student in A Shark Tank	2006	141	G
420	HOLES BRANNIGAN	A Fast-Paced Reflection of a Technical Writer And a Student who must Fight a Boy in The Canadian Rockies	2006	128	PG
421	HOLIDAY GAMES	A Insightful Reflection of a Waitress And a Madman who must Pursue a Boy in Ancient Japan	2006	78	PG-13
422	HOLLOW JEOPARDY	A Beautiful Character Study of a Robot And a Astronaut who must Overcome a Boat in A Monastery	2006	136	NC-17
423	HOLLYWOOD ANONYMOUS	A Fast-Paced Epistle of a Boy And a Explorer who must Escape a Dog in A U-Boat	2006	69	PG
424	HOLOCAUST HIGHBALL	A Awe-Inspiring Yarn of a Composer And a Man who must Find a Robot in Soviet Georgia	2006	149	R
425	HOLY TADPOLE	A Action-Packed Display of a Feminist And a Pioneer who must Pursue a Dog in A Baloon Factory	2006	88	R
426	HOME PITY	A Touching Panorama of a Man And a Secret Agent who must Challenge a Teacher in A MySQL Convention	2006	185	R
427	HOMEWARD CIDER	A Taut Reflection of a Astronaut And a Squirrel who must Fight a Squirrel in A Manhattan Penthouse	2006	103	R
428	HOMICIDE PEACH	A Astounding Documentary of a Hunter And a Boy who must Confront a Boy in A MySQL Convention	2006	141	PG-13
429	HONEY TIES	A Taut Story of a Waitress And a Crocodile who must Outrace a Lumberjack in A Shark Tank	2006	84	R
430	HOOK CHARIOTS	A Insightful Story of a Boy And a Dog who must Redeem a Boy in Australia	2006	49	G
431	HOOSIERS BIRDCAGE	A Astounding Display of a Explorer And a Boat who must Vanquish a Car in The First Manned Space Station	2006	176	G
432	HOPE TOOTSIE	A Amazing Documentary of a Student And a Sumo Wrestler who must Outgun a A Shark in A Shark Tank	2006	139	NC-17
433	HORN WORKING	A Stunning Display of a Mad Scientist And a Technical Writer who must Succumb a Monkey in A Shark Tank	2006	95	PG
434	HORROR REIGN	A Touching Documentary of a A Shark And a Car who must Build a Husband in Nigeria	2006	139	R
435	HOTEL HAPPINESS	A Thrilling Yarn of a Pastry Chef And a A Shark who must Challenge a Mad Scientist in The Outback	2006	181	PG-13
436	HOURS RAGE	A Fateful Story of a Explorer And a Feminist who must Meet a Technical Writer in Soviet Georgia	2006	122	NC-17
437	HOUSE DYNAMITE	A Taut Story of a Pioneer And a Squirrel who must Battle a Student in Soviet Georgia	2006	109	R
438	HUMAN GRAFFITI	A Beautiful Reflection of a Womanizer And a Sumo Wrestler who must Chase a Database Administrator in The Gulf of Mexico	2006	68	NC-17
439	HUNCHBACK IMPOSSIBLE	A Touching Yarn of a Frisbee And a Dentist who must Fight a Composer in Ancient Japan	2006	151	PG-13
440	HUNGER ROOF	A Unbelieveable Yarn of a Student And a Database Administrator who must Outgun a Husband in An Abandoned Mine Shaft	2006	105	G
441	HUNTER ALTER	A Emotional Drama of a Mad Cow And a Boat who must Redeem a Secret Agent in A Shark Tank	2006	125	PG-13
442	HUNTING MUSKETEERS	A Thrilling Reflection of a Pioneer And a Dentist who must Outrace a Womanizer in An Abandoned Mine Shaft	2006	65	NC-17
443	HURRICANE AFFAIR	A Lacklusture Epistle of a Database Administrator And a Woman who must Meet a Hunter in An Abandoned Mine Shaft	2006	49	PG
444	HUSTLER PARTY	A Emotional Reflection of a Sumo Wrestler And a Monkey who must Conquer a Robot in The Sahara Desert	2006	83	NC-17
445	HYDE DOCTOR	A Fanciful Documentary of a Boy And a Woman who must Redeem a Womanizer in A Jet Boat	2006	100	G
446	HYSTERICAL GRAIL	A Amazing Saga of a Madman And a Dentist who must Build a Car in A Manhattan Penthouse	2006	150	PG
447	ICE CROSSING	A Fast-Paced Tale of a Butler And a Moose who must Overcome a Pioneer in A Manhattan Penthouse	2006	131	R
448	IDAHO LOVE	A Fast-Paced Drama of a Student And a Crocodile who must Meet a Database Administrator in The Outback	2006	172	PG-13
449	IDENTITY LOVER	A Boring Tale of a Composer And a Mad Cow who must Defeat a Car in The Outback	2006	119	PG-13
450	IDOLS SNATCHERS	A Insightful Drama of a Car And a Composer who must Fight a Man in A Monastery	2006	84	NC-17
451	IGBY MAKER	A Epic Documentary of a Hunter And a Dog who must Outgun a Dog in A Baloon Factory	2006	160	NC-17
452	ILLUSION AMELIE	A Emotional Epistle of a Boat And a Mad Scientist who must Outrace a Robot in An Abandoned Mine Shaft	2006	122	R
453	IMAGE PRINCESS	A Lacklusture Panorama of a Secret Agent And a Crocodile who must Discover a Madman in The Canadian Rockies	2006	178	PG-13
454	IMPACT ALADDIN	A Epic Character Study of a Frisbee And a Moose who must Outgun a Technical Writer in A Shark Tank	2006	180	PG-13
455	IMPOSSIBLE PREJUDICE	A Awe-Inspiring Yarn of a Monkey And a Hunter who must Chase a Teacher in Ancient China	2006	103	NC-17
456	INCH JET	A Fateful Saga of a Womanizer And a Student who must Defeat a Butler in A Monastery	2006	167	NC-17
457	INDEPENDENCE HOTEL	A Thrilling Tale of a Technical Writer And a Boy who must Face a Pioneer in A Monastery	2006	157	NC-17
458	INDIAN LOVE	A Insightful Saga of a Mad Scientist And a Mad Scientist who must Kill a Astronaut in An Abandoned Fun House	2006	135	NC-17
459	INFORMER DOUBLE	A Action-Packed Display of a Woman And a Dentist who must Redeem a Forensic Psychologist in The Canadian Rockies	2006	74	NC-17
460	INNOCENT USUAL	A Beautiful Drama of a Pioneer And a Crocodile who must Challenge a Student in The Outback	2006	178	PG-13
461	INSECTS STONE	A Epic Display of a Butler And a Dog who must Vanquish a Crocodile in A Manhattan Penthouse	2006	123	NC-17
462	INSIDER ARIZONA	A Astounding Saga of a Mad Scientist And a Hunter who must Pursue a Robot in A Baloon Factory	2006	78	NC-17
463	INSTINCT AIRPORT	A Touching Documentary of a Mad Cow And a Explorer who must Confront a Butler in A Manhattan Penthouse	2006	116	PG
464	INTENTIONS EMPIRE	A Astounding Epistle of a Cat And a Cat who must Conquer a Mad Cow in A U-Boat	2006	107	PG-13
465	INTERVIEW LIAISONS	A Action-Packed Reflection of a Student And a Butler who must Discover a Database Administrator in A Manhattan Penthouse	2006	59	R
466	INTOLERABLE INTENTIONS	A Awe-Inspiring Story of a Monkey And a Pastry Chef who must Succumb a Womanizer in A MySQL Convention	2006	63	PG-13
467	INTRIGUE WORST	A Fanciful Character Study of a Explorer And a Mad Scientist who must Vanquish a Squirrel in A Jet Boat	2006	181	G
468	INVASION CYCLONE	A Lacklusture Character Study of a Mad Scientist And a Womanizer who must Outrace a Explorer in A Monastery	2006	97	PG
469	IRON MOON	A Fast-Paced Documentary of a Mad Cow And a Boy who must Pursue a Dentist in A Baloon	2006	46	PG
470	ISHTAR ROCKETEER	A Astounding Saga of a Dog And a Squirrel who must Conquer a Dog in An Abandoned Fun House	2006	79	R
471	ISLAND EXORCIST	A Fanciful Panorama of a Technical Writer And a Boy who must Find a Dentist in An Abandoned Fun House	2006	84	NC-17
472	ITALIAN AFRICAN	A Astounding Character Study of a Monkey And a Moose who must Outgun a Cat in A U-Boat	2006	174	G
473	JACKET FRISCO	A Insightful Reflection of a Womanizer And a Husband who must Conquer a Pastry Chef in A Baloon	2006	181	PG-13
474	JADE BUNCH	A Insightful Panorama of a Squirrel And a Mad Cow who must Confront a Student in The First Manned Space Station	2006	174	NC-17
475	JAPANESE RUN	A Awe-Inspiring Epistle of a Feminist And a Girl who must Sink a Girl in The Outback	2006	135	G
476	JASON TRAP	A Thoughtful Tale of a Woman And a A Shark who must Conquer a Dog in A Monastery	2006	130	NC-17
477	JAWBREAKER BROOKLYN	A Stunning Reflection of a Boat And a Pastry Chef who must Succumb a A Shark in A Jet Boat	2006	118	PG
478	JAWS HARRY	A Thrilling Display of a Database Administrator And a Monkey who must Overcome a Dog in An Abandoned Fun House	2006	112	G
479	JEDI BENEATH	A Astounding Reflection of a Explorer And a Dentist who must Pursue a Student in Nigeria	2006	128	PG
480	JEEPERS WEDDING	A Astounding Display of a Composer And a Dog who must Kill a Pastry Chef in Soviet Georgia	2006	84	R
481	JEKYLL FROGMEN	A Fanciful Epistle of a Student And a Astronaut who must Kill a Waitress in A Shark Tank	2006	58	PG
482	JEOPARDY ENCINO	A Boring Panorama of a Man And a Mad Cow who must Face a Explorer in Ancient India	2006	102	R
483	JERICHO MULAN	A Amazing Yarn of a Hunter And a Butler who must Defeat a Boy in A Jet Boat	2006	171	NC-17
484	JERK PAYCHECK	A Touching Character Study of a Pastry Chef And a Database Administrator who must Reach a A Shark in Ancient Japan	2006	172	NC-17
485	JERSEY SASSY	A Lacklusture Documentary of a Madman And a Mad Cow who must Find a Feminist in Ancient Japan	2006	60	PG
486	JET NEIGHBORS	A Amazing Display of a Lumberjack And a Teacher who must Outrace a Woman in A U-Boat	2006	59	R
487	JINGLE SAGEBRUSH	A Epic Character Study of a Feminist And a Student who must Meet a Woman in A Baloon	2006	124	PG-13
488	JOON NORTHWEST	A Thrilling Panorama of a Technical Writer And a Car who must Discover a Forensic Psychologist in A Shark Tank	2006	105	NC-17
489	JUGGLER HARDLY	A Epic Story of a Mad Cow And a Astronaut who must Challenge a Car in California	2006	54	PG-13
490	JUMANJI BLADE	A Intrepid Yarn of a Husband And a Womanizer who must Pursue a Mad Scientist in New Orleans	2006	121	G
491	JUMPING WRATH	A Touching Epistle of a Monkey And a Feminist who must Discover a Boat in Berlin	2006	74	NC-17
492	JUNGLE CLOSER	A Boring Character Study of a Boy And a Woman who must Battle a Astronaut in Australia	2006	134	NC-17
493	KANE EXORCIST	A Epic Documentary of a Composer And a Robot who must Overcome a Car in Berlin	2006	92	R
494	KARATE MOON	A Astounding Yarn of a Womanizer And a Dog who must Reach a Waitress in A MySQL Convention	2006	120	PG-13
495	KENTUCKIAN GIANT	A Stunning Yarn of a Woman And a Frisbee who must Escape a Waitress in A U-Boat	2006	169	PG
496	KICK SAVANNAH	A Emotional Drama of a Monkey And a Robot who must Defeat a Monkey in New Orleans	2006	179	PG-13
497	KILL BROTHERHOOD	A Touching Display of a Hunter And a Secret Agent who must Redeem a Husband in The Outback	2006	54	G
498	KILLER INNOCENT	A Fanciful Character Study of a Student And a Explorer who must Succumb a Composer in An Abandoned Mine Shaft	2006	161	R
499	KING EVOLUTION	A Action-Packed Tale of a Boy And a Lumberjack who must Chase a Madman in A Baloon	2006	184	NC-17
500	KISS GLORY	A Lacklusture Reflection of a Girl And a Husband who must Find a Robot in The Canadian Rockies	2006	163	PG-13
